{
  "interpretability": {
    "GAM": 0.5,
    "DT_shallow": 0.7222222222222222,
    "DT_deep": 0.6666666666666666,
    "OLS": 0.8333333333333334,
    "LASSO": 0.6666666666666666,
    "RF": 0.4444444444444444,
    "GBM": 0.7222222222222222,
    "MLP": 0.3888888888888889,
    "FIGS": 0.6666666666666666,
    "RuleFit": 0.6666666666666666,
    "HSTree": 0.8333333333333334,
    "TreeGAM": 0.2222222222222222
  },
  "tabarena_avg_rank": {
    "DT_shallow": 8.5,
    "DT_deep": 6.214285714285714,
    "LASSO": 5.214285714285714,
    "GBM": 2.5,
    "HSTree": 9.692307692307692,
    "TreeGAM": 6.153846153846154,
    "RuleFit": 5.769230769230769,
    "MLP": 6.214285714285714,
    "RF": 3.7142857142857144,
    "OLS": 4.571428571428571,
    "FIGS": 6.857142857142857
  },
  "tabarena_mean_auc": {
    "DT_shallow": 0.7547629194071129,
    "DT_deep": 0.800477969096522,
    "LASSO": 0.8136662654025163,
    "GBM": 0.8440319804324113,
    "HSTree": 0.7098993347716552,
    "TreeGAM": 0.8143023987466382,
    "RuleFit": 0.815892406335113,
    "MLP": 0.755713446764805,
    "RF": 0.8338211115830642,
    "OLS": 0.8143279942546661,
    "FIGS": 0.7963340198849486
  },
  "tabarena_per_dataset": {
    "adult": {
      "DT_shallow": 0.8008316373769561,
      "DT_deep": 0.9021182215993644,
      "OLS": 0.8505234182422398,
      "LASSO": 0.8505135182084069,
      "RF": 0.8998118878455097,
      "GBM": 0.9177595555759697,
      "MLP": 0.6203497612883122,
      "FIGS": 0.8928536893569687,
      "RuleFit": 0.9015977791231079,
      "HSTree": 0.8406178300300027,
      "TreeGAM": 0.9050816988780384
    },
    "blood-transfusion-service-center": {
      "DT_shallow": 0.7288011695906432,
      "DT_deep": 0.7227095516569201,
      "OLS": 0.7961744639376218,
      "LASSO": 0.7969054580896686,
      "RF": 0.7553606237816765,
      "GBM": 0.7582846003898636,
      "MLP": 0.5363060428849903,
      "FIGS": 0.696150097465887,
      "RuleFit": 0.7640107212475633,
      "HSTree": 0.7514619883040936,
      "TreeGAM": 0.7482943469785576
    },
    "breast-cancer": {
      "DT_shallow": 0.6284074605451938,
      "DT_deep": 0.6233859397417505,
      "OLS": 0.6169296987087518,
      "LASSO": 0.612625538020086,
      "RF": 0.6527977044476327,
      "GBM": 0.6154949784791965,
      "MLP": 0.4949784791965567,
      "FIGS": 0.5358680057388809,
      "RuleFit": 0.5703012912482066,
      "HSTree": 0.5961262553802009,
      "TreeGAM": 0.6714490674318507
    },
    "california": {
      "DT_shallow": 0.8068956503849666,
      "DT_deep": 0.9134503921060246,
      "OLS": 0.9079541910441256,
      "LASSO": 0.903663476460487,
      "RF": 0.9158926001495526,
      "GBM": 0.9518298594280175,
      "MLP": 0.889651839159499,
      "FIGS": 0.9090254605883655,
      "RuleFit": 0.8893370223615041,
      "HSTree": 0.7330917193670691,
      "TreeGAM": 0.8869022121017408
    },
    "credit-g": {
      "DT_shallow": 0.7207738095238094,
      "DT_deep": 0.6604761904761905,
      "OLS": 0.6860714285714286,
      "LASSO": 0.6858333333333333,
      "RF": 0.7722619047619048,
      "GBM": 0.7352380952380952,
      "MLP": 0.5192261904761905,
      "FIGS": 0.6944642857142856,
      "RuleFit": 0.7389880952380952,
      "HSTree": 0.3723809523809524,
      "TreeGAM": 0.7622619047619048
    },
    "diabetes": {
      "DT_shallow": 0.7368518518518519,
      "DT_deep": 0.7034259259259259,
      "OLS": 0.875925925925926,
      "LASSO": 0.8757407407407407,
      "RF": 0.865,
      "GBM": 0.859537037037037,
      "MLP": 0.6127777777777778,
      "FIGS": 0.8204629629629628,
      "RuleFit": 0.8481481481481481,
      "HSTree": 0.7637962962962963,
      "TreeGAM": 0.8623148148148148
    },
    "higgs": {
      "DT_shallow": 0.6413331621869894,
      "DT_deep": 0.7477845444937448,
      "OLS": 0.6810494088537448,
      "LASSO": 0.681040788922031,
      "RF": 0.7452665121653482,
      "GBM": 0.7829818597920102,
      "MLP": 0.7920245490646045,
      "FIGS": 0.7261584402932758,
      "RuleFit": 0.7305004386929533,
      "HSTree": 0.5184701760537567,
      "TreeGAM": 0.7194349039923797
    },
    "jannis": {
      "DT_shallow": 0.7402916231985437,
      "DT_deep": 0.8211151713531808,
      "OLS": 0.8101405586271623,
      "LASSO": 0.8099507506719135,
      "RF": 0.8235225473029898,
      "GBM": 0.8550845066157409,
      "MLP": 0.8357784165100164,
      "FIGS": 0.8152223325874531,
      "RuleFit": 0.8076596483066404,
      "HSTree": 0.6326825169530204,
      "TreeGAM": 0.778463773494352
    },
    "kr-vs-kp": {
      "DT_shallow": 0.8375308207115182,
      "DT_deep": 0.9991389769480646,
      "OLS": 0.9958025126218151,
      "LASSO": 0.9952643732143557,
      "RF": 0.9927791475871786,
      "GBM": 0.9972408124926617,
      "MLP": 0.9999706469414114,
      "FIGS": 0.9860426206410707,
      "RuleFit": 0.9918104966537513,
      "HSTree": 0.9705735587648233,
      "TreeGAM": 0.9480940080623068
    },
    "mfeat-factors": {
      "DT_shallow": 0.9853819444444445,
      "DT_deep": 0.9666666666666666,
      "OLS": 1.0,
      "LASSO": 1.0,
      "RF": 0.9995138888888889,
      "GBM": 0.9996527777777778,
      "MLP": 1.0,
      "FIGS": 0.9357986111111111,
      "RuleFit": 0.9991666666666666,
      "HSTree": 0.9844791666666667,
      "TreeGAM": 0.9958333333333333
    },
    "numerai28.6": {
      "DT_shallow": 0.5113089495499961,
      "DT_deep": 0.5107211443349841,
      "OLS": 0.5231051172686927,
      "LASSO": 0.5230806738941871,
      "RF": 0.5196735423750125,
      "GBM": 0.524905486337237,
      "MLP": 0.5199683936118268,
      "FIGS": 0.5214177967860094,
      "RuleFit": 0.5187684529960215,
      "HSTree": 0.5044227092628824,
      "TreeGAM": 0.5165208159885089
    },
    "phoneme": {
      "DT_shallow": 0.7871059262345496,
      "DT_deep": 0.8524988591948892,
      "OLS": 0.8012122294307877,
      "LASSO": 0.8012320695196714,
      "RF": 0.9020246810705712,
      "GBM": 0.9206644445767116,
      "MLP": 0.920401563399004,
      "FIGS": 0.8510604527508283,
      "RuleFit": 0.8803741840763446,
      "HSTree": 0.688525484594171,
      "TreeGAM": 0.8410412078646112
    },
    "sylvine": {
      "DT_shallow": 0.9485524792884991,
      "DT_deep": 0.9394036306042884,
      "OLS": 0.9676078216374269,
      "LASSO": 0.9676497015107213,
      "RF": 0.9716054459064327,
      "GBM": 0.981089333576998,
      "MLP": 0.9303537707115009,
      "FIGS": 0.9513146472953216,
      "RuleFit": 0.965938337597466,
      "HSTree": 0.8720626979775827,
      "TreeGAM": 0.9502390960038987
    },
    "volkert": {
      "DT_shallow": 0.6926143868116201,
      "DT_deep": 0.8437963522493146,
      "OLS": 0.8880951446956038,
      "LASSO": 0.8878272930496267,
      "RF": 0.8579850758802028,
      "GBM": 0.9166843787364429,
      "MLP": 0.9082008236855794,
      "FIGS": 0.8128368750968601,
      "RuleFit": NaN,
      "HSTree": NaN,
      "TreeGAM": NaN
    }
  }
}